{"acc": 0.8613775128304224, "loss": 0.11060962825563739, "_timestamp": 1710289249.1429944, "_runtime": 28.812243461608887, "_step": 7, "_wandb": {"runtime": 601}}