{"acc": 0.8131252987208613, "loss": 0.1534315095927562, "_timestamp": 1710288174.9530861, "_runtime": 71.4736840724945, "_step": 7, "_wandb": {"runtime": 614}}